Altium Designer Pick and Place Locations
C:\Users\krist\OneDrive\Documents\Altium Designer\ELEC3117\Amb_Enviro_MCU_PCB\Project Outputs for Amb_Enviro_MCU_PCB\Pick Place for MCU_Transceiver_Board.csv

========================================================================================================================
File Design Information:

Date:       21/07/22
Time:       14:23
Revision:   Not in VersionControl
Variant:    No variations
Units used: mil

"Designator","Comment","Layer","Footprint","Center-X(mil)","Center-Y(mil)","Rotation","Description"
"C3","0.1uF","TopLayer","CAPC3216X180N","2685.000","3415.000","0","Capacitor, C5C1H104FA16L"
"R20","Res3","TopLayer","J1-0603","2855.000","2725.472","270","Resistor"
"C29","0.1uF","TopLayer","CAPC3216X180N","3275.000","2794.331","90","Capacitor, GCM31C5C1H104FA16L, 1206"
"C28","0.1uF","BottomLayer","CAPC3216X180N","3535.000","2935.000","180","Capacitor, GCM31C5C1H104FA16L, 1206"
"MIC2","ICS-43432","BottomLayer","ICS43432","3464.311","2775.000","180","Integrated Circuit"
"J4","68000-105HTLF","TopLayer","HDRV5W67P0X254_1X5_1270X241X858P","2865.000","4755.000","0","Connector"
"S2","JS202011SCQN","TopLayer","JS202011SCQN","1485.000","3590.000","90","Switch"
"C20","0.1uF","BottomLayer","CAPC3216X180N","1615.000","4305.000","0","Capacitor, GCM31C5C1H104FA16L, 1206"
"BatteryHold","1053","TopLayer","1053","1828.189","4344.420","180","Undefined or Miscellaneous"
"R6","62R","BottomLayer","ERJH3","2940.000","4085.000","90","Resistor, ERJ-H3EF62R0V, 62ohms"
"R5","62R","BottomLayer","ERJH3","3065.000","4085.000","90","Resistor, ERJ-H3EF62R0V, 62ohms"
"R4","62R","BottomLayer","ERJH3","3190.000","4085.000","90","Resistor, ERJ-H3EF62R0V, 62ohms"
"H","KP-1608CGCK","TopLayer","LEDC1608X120N","3070.000","3765.000","90","LED"
"LED3","KP-1608CGCK","TopLayer","LEDC1608X120N","3165.000","3765.000","90","LED"
"L","KP-1608CGCK","TopLayer","LEDC1608X120N","3255.000","3765.000","90","LED"
"Z1","PTZTFTE253.3B","BottomLayer","DIOM5026X220N","1620.000","3965.000","180","Zener Diode"
"USB A","USB-A1HSB6","TopLayer","USBA1HSB6","1476.653","2964.370","270","Connector"
"U4","SOT23_6","BottomLayer","SOT95P275X110-6N","2070.000","4240.000","180",""
"U2","MAX1555EZK+T","BottomLayer","SOT95P275X110-5N","1891.378","3970.000","180","Integrated Circuit"
"R13","Res3","BottomLayer","J1-0603","2060.000","4354.341","0","Resistor"
"R12","Res3","BottomLayer","J1-0603","1675.000","4115.000","90","Resistor"
"R11","150R","BottomLayer","RESC1608X55N","1865.000","3500.000","180","Resistor, CR0603-FX-1500ELF"
"R10","Res3","BottomLayer","J1-0603","1981.378","3850.000","0","Resistor"
"Ch","KP-1608CGCK","TopLayer","LEDC1608X120N","1865.000","3500.000","180","LED"
"C19","1uF","BottomLayer","CAPC1608X90N","1570.000","4085.000","0","Capacitor, 0603YC10JAT2A"
"C18","1uF","BottomLayer","CAPC1608X90N","2011.378","3932.845","270","Capacitor, 0603YC10JAT2A"
"U3","FS312F-G","BottomLayer","SOT95P280X145-6N","1835.000","4240.000","180","Integrated Circuit"
"Y1","LFXTAL050985Bulk","BottomLayer","LFXTAL050985Bulk","3035.000","3202.982","90","Crystal or Oscillator"
"U1","STM32F401RBT6","BottomLayer","QFP50P1200X1200X160-64N","2535.000","3310.974","90","ARM® Cortex®-M4 STM32F4 Microcontroller IC 32-Bit 84MHz 128KB _128K x 8_ FLASH 64-LQFP _10x10_"
"S1","EVP-BV4C1L000","TopLayer","EVPBV4C1L000","3005.000","3270.000","90","Switch"
"R19","1k","TopLayer","RESC3016X65N","2871.939","2951.546","270","Resistor, CRT1206-FZ-1001ELF"
"R18","560k","BottomLayer","ERJS06_U06_(0805)","2290.000","4693.740","90","Resistor, ERJ-U06F5603V, 560k"
"R17","Res3","BottomLayer","J1-0603","1765.000","4500.000","180","Resistor"
"R16","Res3","TopLayer","J1-0603","1800.000","3065.000","180","Resistor"
"R15","Res3","BottomLayer","J1-0603","1720.000","3020.000","270","Resistor"
"R9","Res3","BottomLayer","J1-0603","2860.000","3375.000","270","Resistor"
"R3","10k","BottomLayer","RESC2012X60N","2870.000","4445.000","90","Resistor, RC0805FR-7W10KL, 10k"
"R2","62R","BottomLayer","ERJH3","1855.000","3285.000","180","Resistor, ERJ-H3EF62R0V, 62ohms"
"R1","10k","BottomLayer","RESC2012X60N","3205.000","4735.000","180","Resistor, RC0805FR-7W10KL, 10k"
"MIC1","ICS-41351","TopLayer","ICS41351","3445.000","2780.000","270","Microphone"
"MD","MAX1749EUK+T","BottomLayer","SOT95P280X145-5N","1838.278","3025.000","180","Integrated Circuit"
"P","KP-1608CGCK","TopLayer","LEDC1608X120N","1855.000","3285.000","180","LED"
"L1","10uH","BottomLayer","AISC1008F100GT","1940.000","4701.388","90","Inductor, AISC-1008F-100G-T"
"JUSART","61300611121","TopLayer","HDRV6W64P0X254_1X6_1524X254X869P","2585.000","3670.000","180","Connector"
"SWD","61300611121","TopLayer","HDRV6W64P0X254_1X6_1524X254X869P","3290.000","3260.000","270","Connector"
"Mot","M20-9990246","TopLayer","HDRV2W66P0X254_1X2_508X254X874P","1815.000","2790.000","0","Connector"
"JMic","M20-9990246","TopLayer","HDRV2W66P0X254_1X2_508X254X874P","2695.000","2735.000","180","Connector"
"GPIO","68000-105HTLF","TopLayer","HDRV5W67P0X254_1X5_1270X241X858P","2230.226","2875.000","180","Connector"
"SPI","61300611121","TopLayer","HDRV6W64P0X254_1X6_1524X254X869P","2100.000","3345.000","90","Connector"
"Boot","Header 3","TopLayer","HDR1X3","2655.000","2875.000","180","Header, 3-Pin"
"J5","68000-105HTLF","TopLayer","HDRV5W67P0X254_1X5_1270X241X858P","3450.000","3560.000","90","Connector"
"J3v3","M20-9990246","TopLayer","HDRV2W66P0X254_1X2_508X254X874P","2635.000","4555.000","270","Connector"
"J1","M20-9990246","TopLayer","HDRV2W66P0X254_1X2_508X254X874P","2635.000","3985.000","90","Connector"
"ESPIC","ESP32-C3-WROOM-02-H4","TopLayer","ESP32C3WROOM02H4","3025.797","4271.102","270","Integrated Circuit"
"C27","1uF","BottomLayer","CAPC1608X90N","3195.000","4810.000","180","Capacitor, 0603YC10JAT2A"
"C26","0.1uF","BottomLayer","CAPC3216X180N","3085.000","4435.000","90","Capacitor, GCM31C5C1H104FA16L, 1206"
"C25","10uF","BottomLayer","CAPC1608X90N","3165.000","4465.000","270","Capacitor, CL10A106MQ8NNNC"
"C24","10uF (DNP)","BottomLayer","FP-TAJS-MFG","2980.000","4430.000","90","10uF 2.5V  �10% 8O 1206  SMD Tantalum Capacitor, TAJS106K002RNJ"
"C23","10uF (DNP)","BottomLayer","CAPC1608X90N","2410.000","4585.000","90","Capacitor, CL10A106MQ8NNNC"
"C22","1uF","TopLayer","CAPC1608X90N","1910.000","3000.000","270","Capacitor, 0603YC10JAT2A"
"C21","1uF","TopLayer","CAPC1608X90N","1805.000","2985.000","180","Capacitor, 0603YC10JAT2A"
"C17","10pF","BottomLayer","CAPC1608X90N","3060.000","3575.000","180","Capacitor, 10pF, 06035A100F4T4A"
"C16","4.7uF","BottomLayer","FP-1206-L_3_2_0_2-W_1_6_0-IPC_B","2165.000","4465.000","0","General Purpose Ceramic Capacitor, 1206, 4.7uF, 20%, X5R, 15%, 16V, 1206YD475MAT2A"
"        ","27pF","BottomLayer","C0603","2150.000","4708.504","270","Capacitor, C0603C270J5GAC7411, 27pF"
"C14","10uF","BottomLayer","FP-TAJS-MFG","2505.000","4558.819","90","10uF 2.5V  �10% 8O 1206  SMD Tantalum Capacitor, TAJS106K002RNJ"
"C13","150pF","BottomLayer","CAPC1608X90N","1765.000","4560.000","180","Capacitor, CL10C151JB8NNNC, 150pF"
"C12","10pF","BottomLayer","CAPC1608X90N","3035.000","2830.000","180","Capacitor, 10pF, 06035A100F4T4A"
"C11","0.1uF","TopLayer","CAPC3216X180N","3035.000","3005.000","180","Capacitor, GCM31C5C1H104FA16L, 1206"
"C10","0.1uF","TopLayer","CAPC3216X180N","2595.000","3165.000","270","Capacitor, GCM31C5C1H104FA16L, 1206"
"C9","1uF","TopLayer","CAPC1608X90N","2497.500","3242.323","270","Capacitor, 0603YC10JAT2A"
"C8","4.7uF","TopLayer","FP-1206-L_3_2_0_2-W_1_6_0-IPC_B","2330.000","3479.851","90","General Purpose Ceramic Capacitor, 1206, 4.7uF, 20%, X5R, 15%, 16V, 1206YD475MAT2A"
"C7","0.1uF","TopLayer","CAPC3216X180N","2385.000","3065.000","180","Capacitor, C5C1H104FA16L"
"C6","0.1uF","TopLayer","CAPC3216X180N","2440.000","3475.000","90","Capacitor, C5C1H104FA16L"
"C5","0.1uF","TopLayer","CAPC3216X180N","2380.000","3175.000","180","Capacitor, C5C1H104FA16L"
"C4","0.1uF","TopLayer","CAPC3216X180N","2380.000","3290.000","180","Capacitor, C5C1H104FA16L"
"C2","0.1uF","TopLayer","CAPC3216X180N","2630.669","3525.000","0","Capacitor, GCM31C5C1H104FA16L, 1206"
"C1","4.7uF","TopLayer","FP-1206-L_3_2_0_2-W_1_6_0-IPC_B","2755.472","3202.706","90","General Purpose Ceramic Capacitor, 1206, 4.7uF, 20%, X5R, 15%, 16V, 1206YD475MAT2A"
"U5","TPS62204DBVT","BottomLayer","SOT95P280X145-5N","1945.000","4500.000","180","Integrated Circuit"
